-- phpMyAdmin SQL Dump
-- version 4.6.4
-- https://www.phpmyadmin.net/
--
-- Host: 127.0.0.1
-- Generation Time: May 17, 2019 at 08:38 AM
-- Server version: 5.7.14
-- PHP Version: 5.6.25

SET SQL_MODE = "NO_AUTO_VALUE_ON_ZERO";
SET time_zone = "+00:00";


/*!40101 SET @OLD_CHARACTER_SET_CLIENT=@@CHARACTER_SET_CLIENT */;
/*!40101 SET @OLD_CHARACTER_SET_RESULTS=@@CHARACTER_SET_RESULTS */;
/*!40101 SET @OLD_COLLATION_CONNECTION=@@COLLATION_CONNECTION */;
/*!40101 SET NAMES utf8mb4 */;

--
-- Database: `db_maisha`
--

-- --------------------------------------------------------

--
-- Stand-in structure for view `cbxpersdeces`
-- (See below for the actual view)
--
CREATE TABLE `cbxpersdeces` (
`id_pers` int(11)
,`nom_pers` varchar(50)
,`postnom_pers` varchar(50)
,`prenom_pers` varchar(50)
,`sexe_pers` varchar(50)
,`pere_pers` varchar(50)
,`mere_pers` varchar(50)
,`adresse_pers` text
);

-- --------------------------------------------------------

--
-- Stand-in structure for view `cbxpersnaiss`
-- (See below for the actual view)
--
CREATE TABLE `cbxpersnaiss` (
`id_pers` int(11)
,`nom_pers` varchar(50)
,`postnom_pers` varchar(50)
,`prenom_pers` varchar(50)
,`sexe_pers` varchar(50)
,`pere_pers` varchar(50)
,`mere_pers` varchar(50)
,`adresse_pers` text
);

-- --------------------------------------------------------

--
-- Stand-in structure for view `deces_mineur`
-- (See below for the actual view)
--
CREATE TABLE `deces_mineur` (
`nbre_deces` bigint(21)
,`date_dec` date
);

-- --------------------------------------------------------

--
-- Table structure for table `tbl_user`
--

CREATE TABLE `tbl_user` (
  `id` int(11) NOT NULL,
  `username` varchar(50) NOT NULL,
  `passuser` varchar(50) NOT NULL,
  `privilegeuser` varchar(50) NOT NULL DEFAULT 'User',
  `photouser` varchar(50) NOT NULL DEFAULT '567fa16c31ccb.jpg',
  `dateuser` int(11) DEFAULT NULL,
  `sexeuser` varchar(10) NOT NULL DEFAULT 'M',
  `date_naiss_user` date DEFAULT NULL
) ENGINE=InnoDB DEFAULT CHARSET=latin1;

--
-- Dumping data for table `tbl_user`
--

INSERT INTO `tbl_user` (`id`, `username`, `passuser`, `privilegeuser`, `photouser`, `dateuser`, `sexeuser`, `date_naiss_user`) VALUES
(1, 'blaise', '6a3611785d499d8821a0d9b24d464e0f', 'Doct', '5c486c4a77010.jpg', 1548250186, '', '0000-00-00'),
(2, 'isig', '7a566dac4011c3af3d60741aa07d0cab', 'User', '5c4b049ec49a9.png', 1548420254, '', '0000-00-00'),
(7, 'ciza', 'c2e25d496ec28bd5dbd8753ba49d7676', 'Doct', 'image_796130.jpg', NULL, 'M', '2019-03-21'),
(8, 'Kubuya', 'c46cc0c3496eba1ad041c3dab79d7c9a', 'Doct', 'image_860890.jpg', NULL, 'F', '1990-08-30'),
(9, 'ino', '8ba744afe510a10886736e9c7bbc496e', 'User', 'image_999890.jpg', NULL, 'M', '1945-04-10');

-- --------------------------------------------------------

--
-- Table structure for table `tcause`
--

CREATE TABLE `tcause` (
  `id_cause` int(11) NOT NULL,
  `designation_cause` text NOT NULL,
  `detail_cause` text NOT NULL
) ENGINE=InnoDB DEFAULT CHARSET=latin1;

--
-- Dumping data for table `tcause`
--

INSERT INTO `tcause` (`id_cause`, `designation_cause`, `detail_cause`) VALUES
(1, 'Malaria', 'La malaria, aussi appelée paludisme, est une maladie infectieuse due non pas à une bactérie ou à un virus mais à un parasite, le Plasmodium. Ce parasite se transmet d\'une personne à l\'autre par la piqûre de certaines espèces de moustiques anophèles femelles, vecteurs de la maladie. La malaria provoque d\'importants accès de fièvre et peut, dans sa forme sévère, causer la mort. Elle tue chaque année près d\'un million de personnes, la plupart en Afrique subsaharienne. Les principales victimes sont les jeunes enfants et les femmes enceintes.'),
(3, 'Fievre tifoide', 'La fièvre typhoïde (du grec tuphos, torpeur) ou typhus abdominal est une maladie infectieuse décrite en 1818 par Pierre Bretonneau, causée par une bactérie de la famille Entérobactérie, du genre des salmonelles, et dont les espèces responsables sont Salmonella enterica – Typhi ou Paratyphi A, B, C. Salmonella enterica Typhi est encore appelée bacille d\'Eberth'),
(4, 'Tension', 'L’élévation de la pression artérielle systolique au cours du vieillissement s’explique par la diminution de la rigidité des parois artérielles , avec augmentation du rapport collagène/élastine et fragmentation de l’élastine,d’autant plus importante qu’il existe une athérosclérose associée.  L’élastine confère aux parois artérielles leur élasticité qui a pour principale propriété de diminuer le travail du cœur.  Pour que le débit sanguin périphérique reste identique le cœur augmente progressivement la force de ses contractions avec l’âge.'),
(5, 'Diabète', 'Le diabète est une maladie chronique caractérisée par une défaillance du processus d\'utilisation du sucre. Le trouble est lié à l\'insuline, hormone sécrétée par le pancréas (glande du tube digestif), dont la fonction est de permettre l\'entrée, l\'utilisation et l\'entreposage du glucose dans les cellules de l\'organisme.'),
(6, 'Sida', 'Le syndrome d\'immunodéficience acquise, plus connu sous son acronyme sida, est un ensemble de symptômes consécutifs à la destruction de cellules du système immunitaire par le virus de l\'immunodéficience humaine (VIH). Le sida est le dernier stade de l\'infection au VIH, lorsque l\'immunodépression est sévère.'),
(7, 'Poison', 'Les poisons sont, en biologie, des substances qui provoquent des blessures, des maladies ou la mort d\'organismes par une réaction chimique, à l\'échelle moléculaire. Cette définition exclut les agents physiques, même de petite taille (un caillot, une bulle d\'air dans le sang, un courant électrique, une radiation, etc.). On différencie la pénétration volontaire de substances toxiques dites poisons (intoxication), de la production interne de toxines (intoxination) mais la distinction entre ces deux termes n\'est pas toujours observée, même parmi les scientifiques.');

-- --------------------------------------------------------

--
-- Table structure for table `tcommentaire`
--

CREATE TABLE `tcommentaire` (
  `id_com` int(11) NOT NULL,
  `id_cons_com` int(11) NOT NULL,
  `id_user_com` int(11) NOT NULL,
  `text_com` text NOT NULL,
  `date_com` datetime NOT NULL DEFAULT CURRENT_TIMESTAMP
) ENGINE=InnoDB DEFAULT CHARSET=latin1;

--
-- Dumping data for table `tcommentaire`
--

INSERT INTO `tcommentaire` (`id_com`, `id_cons_com`, `id_user_com`, `text_com`, `date_com`) VALUES
(1, 1, 2, 'Merci beaucoup pour tout ca', '2019-03-11 00:00:00'),
(3, 2, 1, 'une maladie tres dangereuse', '2019-03-21 14:56:46'),
(4, 2, 8, 'Merci beaucoup pour vos conseils... ca aide beaucoup', '2019-04-09 13:32:13'),
(5, 2, 7, 'merci a vous', '2019-04-10 08:27:32'),
(6, 3, 9, 'merci beaucoup !\nvous sauvez des vies...', '2019-04-10 09:13:04'),
(8, 2, 9, 'J\'ai prévenu beaucoup de gens... ', '2019-04-10 09:20:04'),
(9, 2, 7, 'gkgkfk', '2019-04-10 12:44:45');

-- --------------------------------------------------------

--
-- Table structure for table `tconseil`
--

CREATE TABLE `tconseil` (
  `id_cons` int(11) NOT NULL,
  `id_maladie_cons` int(11) NOT NULL,
  `id_user_cons` int(11) NOT NULL,
  `apropos_cons` text NOT NULL,
  `prevention_cons` text NOT NULL,
  `traitement_cons` text NOT NULL,
  `date_cons` datetime NOT NULL DEFAULT CURRENT_TIMESTAMP,
  `photo_cons` text NOT NULL,
  `title` varchar(255) NOT NULL
) ENGINE=InnoDB DEFAULT CHARSET=latin1;

--
-- Dumping data for table `tconseil`
--

INSERT INTO `tconseil` (`id_cons`, `id_maladie_cons`, `id_user_cons`, `apropos_cons`, `prevention_cons`, `traitement_cons`, `date_cons`, `photo_cons`, `title`) VALUES
(1, 1, 1, 'Le paludisme touche une centaine de pays dans le monde, la maladie est endémique des régions dites intertropicales, donc situées de part et d\'autre de l\'équateur, entre le tropique du cancer et le tropique du capricorne. Le paludisme sévit dans un vaste ensemble géographique regroupant les Amériques, une vaste zone de l\'Afrique subsaharienne, de l\'Asie et de l\'Asie du Sud-est. Le Centre pour le contrôle et la prévention des maladies (agence gouvernementale américaine) fournit dans cette liste alphabétique des informations concernant la présence de la malaria par pays et zones à risques.', 'Il est d\'une efficacité partielle. Dans tous les cas, consulter votre médecin une dizaine de jours avant votre date de départ. Des mesures de prévention de la transmission du parasite par le moustique existent, comme par exemple des moustiquaires imprégnées d\'insecticide, des répulsifs à moustique (sur la peau), des vêtements couvrant la peau (le soir et la nuit). Il est également recommandé d\'éviter les zones rurales. Les complications graves du paludisme ne concernent en général que le parasite (Plasmodium falciparum ). L\'infection par ce parasite peut engager le pronostic vital. En cas d\'accès de fièvre à partir du 7ème jour en zone d\'endémie et dans les mois suivant le retour, consultez le jour même un médecin.', 'Dans la mesure où le parasite en cause dans le paludisme a développé des résistances par rapport à certains traitements (ex : chloroquine ), les combinaisons à base d\'artémisinine (issue d\'une plante chinoise) sont le seul traitement efficace connu contre le paludisme aujourd\'hui. Elles renforcent l\'effet du traitement, et retardent également l\'apparition de résistances.', '2019-03-11 00:00:00', '5c4b0e5b0df01.jpeg', 'Evitons le paludisme'),
(2, 4, 1, 'Lorsque la tension artérielle est trop élevée, les risques de maladies cardiovasculaires augmentent. Il est donc important de réagir sans attendre en cas de tension haute et de rechercher la cause de l’hypertension.', 'La prévention passe par l\'amélioration des conditions d\'hygiène dans les pays d\'endémie et par la vaccination. Les visiteurs doivent se méfier de l\'eau locale et de la nourriture crue.      Il est important de respecter les mesures d’hygiène classiques : lavage fréquent des mains à l’eau et au savon, principalement après chaque passage aux toilettes et avant toute manipulation d’aliments.     Dans l’entourage du malade : nécessité de dépister les porteurs sains par la pratique de coprocultures afin d’éviter une dissémination de l’infection, principalement chez les personnes travaillant dans le secteur agroalimentaire, en collectivités de jeunes enfants ainsi que chez le personnel soignant.     Conseils supplémentaires aux voyageurs dans des zones endémiques : veiller à ne consommer que des aliments cuits et de l’eau minérale capsulée (décapsulée devant soi) ou de l’eau préalablement bouillie ou purifiée par adjonction de pastille de chlore6.', 'Prendre un traitement quotidien contre l’hypertension permet de vivre plus longtemps et sans maladies handicapantes. Il repose sur 8 « familles » de médicaments, dont les mécanismes d’action ne sont pas les mêmes et peuvent être complémentaires. Votre hypertension ne ressemble pas à une autre et votre médecin devra peut-être essayer plusieurs médicaments avant de trouver le traitement qui vous convient le mieux, en termes d’efficacité et de tolérance. Il sera peut-être également nécessaire d’associer deux, voire trois médicaments de familles différentes pour contrôler votre pression artérielle. C’est le cas de plus de la moitié des personnes hypertendues.', '2019-03-14 04:37:58', 'imgtension.jpeg', 'Alerte maladie'),
(3, 3, 8, 'D\'après l\'Organisation mondiale de la santé, le nombre de patients atteints dans le monde serait de 21 millions de personnes, avec plus de 216 000 à 600 000 décès annuellement1.  De janvier à septembre 2013, une augmentation marquée dans les notifications des infections à Salmonella paratyphi A chez les voyageurs de retour du Cambodge s\'est produite en France. Une enquête a révélé 35 cas sans source commune : 21 en France, 5 en Allemagne, 3 aux Pays-Bas, 1 en Norvège, 1 au Royaume-Uni, 4 en Nouvelle-Zélande', 'Le germe était initialement sensible au chloramphénicol, mais de nombreuses résistances apparurent dans les années 1970, et ce traitement, aux nombreux effets secondaires, a été progressivement abandonné. De même, des résistances à d\'autres antibiotiques (co-trimoxazole et amoxicilline) sont apparues dans les années 1980.  Après avoir hospitalisé et isolé le malade, le traitement fait appel actuellement aux fluoroquinolones de deuxième génération ou à la ceftriaxone. La réhydratation, souvent par voie intraveineuse, est impérative pour compenser les pertes liquidiennes secondaires à la diarrhée. Un traitement contre la fièvre (antipyrétique) peut parfois être nécessaire.De nombreuses souches en Inde et au Pakistan sont actuellement résistantes aux fluoroquinolones de deuxième génération (ciprofloxacine) et à la ceftriaxone. En revanche on ne connaît pas de résistance à l\'azithromycine5', 'La prévention passe par l\'amélioration des conditions d\'hygiène dans les pays d\'endémie et par la vaccination. Les visiteurs doivent se méfier de l\'eau locale et de la nourriture crue.      Il est important de respecter les mesures d’hygiène classiques : lavage fréquent des mains à l’eau et au savon, principalement après chaque passage aux toilettes et avant toute manipulation d’aliments.     Dans l’entourage du malade : nécessité de dépister les porteurs sains par la pratique de coprocultures afin d’éviter une dissémination de l’infection, principalement chez les personnes travaillant dans le secteur agroalimentaire, en collectivités de jeunes enfants ainsi que chez le personnel soignant.     Conseils supplémentaires aux voyageurs dans des zones endémiques : veiller à ne consommer que des aliments cuits et de l’eau minérale capsulée (décapsulée devant soi) ou de l’eau préalablement bouillie ou purifiée par adjonction de pastille de chlore6.', '2019-03-16 04:28:21', 'IMG-20190314-WA0000.jpeg', 'la maladie typhus abdominal'),
(4, 5, 7, 'Les aliments ingérés procurent à l\'organisme le glucose que les cellules utilisent comme source d\'énergie. Si l\'insuline n\'est pas disponible ou si elle n\'agit pas normalement pour permettre au glucose se trouvant dans le sang de passer dans les cellules, le glucose reste dans le sang. Un taux élevé de glucose sanguin est toxique; de plus, les cellules qui n\'obtiennent pas de glucose sont privées du carburant dont elles ont besoin pour fonctionner correctement.', 'Le diabète de type 1 est une affection auto-immune. On pense que l\'association d\'une prédisposition génétique et d\'autres facteurs environnementaux (pas encore identifiés) incitent le système immunitaire à attaquer les cellules productrices d\'insuline dans le pancréas et à les détruire. Il n’existe aucun moyen de prémunir contre l’apparition du diabète de type 1.  Le diabète de type 2 est causé par la résistance à l\'insuline et une production insuffisante de celle-ci.', ' Le diabète est une affection chronique qui peut durer toute la vie. L\'objectif du traitement du diabète est de conserver les taux de glucose sanguins aussi près des valeurs normales que possible.  Le traitement du diabète, plus que celui de la plupart des autres affections, demande des efforts considérables de la part de la personne qui doit le suivre. Faire face au diabète est un défi de toute une vie; donc, les personnes qui en sont atteintes ne devraient pas hésiter à en parler à leur médecin ni à leur pharmacien si elles se sentent dépassées par la situation.', '2019-04-09 15:13:04', 'diabeteglucometre.jpg', 'Attention au Diabete');

-- --------------------------------------------------------

--
-- Table structure for table `tdeces`
--

CREATE TABLE `tdeces` (
  `id_dec` int(11) NOT NULL,
  `id_pers_dec` int(11) NOT NULL,
  `date_dec` date NOT NULL,
  `lieu_dec` varchar(50) NOT NULL,
  `age_dec` int(11) NOT NULL,
  `id_cause_dec` int(11) NOT NULL
) ENGINE=InnoDB DEFAULT CHARSET=latin1;

--
-- Dumping data for table `tdeces`
--

INSERT INTO `tdeces` (`id_dec`, `id_pers_dec`, `date_dec`, `lieu_dec`, `age_dec`, `id_cause_dec`) VALUES
(1, 4, '2018-10-01', 'Butembo', 80, 4),
(2, 7, '2022-04-27', 'France', 75, 4),
(3, 6, '2019-02-13', 'goma', 55, 1),
(4, 7, '2019-02-11', 'bukavu', 17, 1),
(5, 8, '2019-01-09', 'Goma', 15, 3),
(6, 9, '2019-01-16', 'Goma', 17, 7),
(7, 10, '2019-02-20', 'Goma', 50, 6),
(8, 13, '2019-04-08', 'goma', 22, 5);

-- --------------------------------------------------------

--
-- Table structure for table `thopital`
--

CREATE TABLE `thopital` (
  `id_hop` int(11) NOT NULL,
  `nom_hop` varchar(50) NOT NULL,
  `adresse_hop` text NOT NULL
) ENGINE=InnoDB DEFAULT CHARSET=latin1;

--
-- Dumping data for table `thopital`
--

INSERT INTO `thopital` (`id_hop`, `nom_hop`, `adresse_hop`) VALUES
(1, 'Docs', 'Goma katindo'),
(2, 'General', 'Goma');

-- --------------------------------------------------------

--
-- Table structure for table `tnaissance`
--

CREATE TABLE `tnaissance` (
  `id_naiss` int(11) NOT NULL,
  `id_pers_naiss` int(11) NOT NULL,
  `id_hop_naiss` int(11) NOT NULL,
  `date_naiss` date NOT NULL,
  `lieu_naiss` varchar(50) NOT NULL,
  `age_mere_naiss` int(11) NOT NULL
) ENGINE=InnoDB DEFAULT CHARSET=latin1;

--
-- Dumping data for table `tnaissance`
--

INSERT INTO `tnaissance` (`id_naiss`, `id_pers_naiss`, `id_hop_naiss`, `date_naiss`, `lieu_naiss`, `age_mere_naiss`) VALUES
(1, 2, 1, '2018-10-01', 'Goma', 30),
(2, 5, 2, '2019-01-18', 'Goma', 17),
(3, 6, 2, '2008-06-18', 'Butembo', 20);

-- --------------------------------------------------------

--
-- Table structure for table `tpersonne`
--

CREATE TABLE `tpersonne` (
  `id_pers` int(11) NOT NULL,
  `nom_pers` varchar(50) NOT NULL,
  `postnom_pers` varchar(50) NOT NULL,
  `prenom_pers` varchar(50) NOT NULL,
  `sexe_pers` varchar(50) NOT NULL,
  `pere_pers` varchar(50) NOT NULL,
  `mere_pers` varchar(50) NOT NULL,
  `adresse_pers` text NOT NULL
) ENGINE=InnoDB DEFAULT CHARSET=latin1;

--
-- Dumping data for table `tpersonne`
--

INSERT INTO `tpersonne` (`id_pers`, `nom_pers`, `postnom_pers`, `prenom_pers`, `sexe_pers`, `pere_pers`, `mere_pers`, `adresse_pers`) VALUES
(2, 'sifa', 'tavasimwa', 'rachel', 'F', 'safari', 'safari', 'goma'),
(4, 'Tshisekedi', 'Wamulumba', 'Etienne', 'M', 'Tshisekedi', 'Wawa', 'Kinshasa'),
(5, 'Jeanne', 'Masika', 'JOYCE', 'F', 'Muhindo', 'Masika', 'Goma'),
(6, 'Lucie', 'Malembe', '', 'F', 'Malembe', 'Malembe', 'goma'),
(7, 'Jean', 'Paul', 'Sartre', 'M', 'Sartos', 'FFF', 'Du Bois'),
(8, 'Kasoke', 'martha', 'Lily', 'F', 'Kasoki', 'Martine', 'Goma'),
(9, 'Abou', 'bakar', 'bak', 'M', 'abou', 'kasandra', 'Goma'),
(10, 'Gregoire', 'kaibanda', 'greg', 'M', 'Kaibanda', 'Justine', 'Rwanda'),
(11, 'Heuleur', 'Kamanda', 'Henri', 'M', 'Kamanda', 'Jeanine', 'Goma'),
(12, 'Kakule', 'Kamate', 'Jean', 'M', 'Kamate', 'masika', 'Rutshuru'),
(13, 'Masika', 'matondo', 'Aline', 'F', 'Matondo', 'Francoise', 'Beni');

-- --------------------------------------------------------

--
-- Stand-in structure for view `voir_commentaires`
-- (See below for the actual view)
--
CREATE TABLE `voir_commentaires` (
`id_com` int(11)
,`id_cons_com` int(11)
,`id_user_com` int(11)
,`text_com` text
,`date_com` datetime
,`username` varchar(50)
,`photouser` varchar(50)
);

-- --------------------------------------------------------

--
-- Stand-in structure for view `voir_conseils`
-- (See below for the actual view)
--
CREATE TABLE `voir_conseils` (
`username` varchar(50)
,`designation_cause` text
,`id_cons` int(11)
,`apropos_cons` text
,`prevention_cons` text
,`traitement_cons` text
,`date_cons` datetime
,`photo_cons` text
,`nbre_com` bigint(21)
);

-- --------------------------------------------------------

--
-- Stand-in structure for view `voir_deces`
-- (See below for the actual view)
--
CREATE TABLE `voir_deces` (
`id_dec` int(11)
,`nom_pers` varchar(50)
,`postnom_pers` varchar(50)
,`sexe_pers` varchar(50)
,`age_dec` int(11)
,`date_dec` date
,`lieu_dec` varchar(50)
,`id_pers_dec` int(11)
,`id_cause_dec` int(11)
,`id_cause` int(11)
,`designation_cause` text
,`detail_cause` text
);

-- --------------------------------------------------------

--
-- Stand-in structure for view `voir_deces_maladie`
-- (See below for the actual view)
--
CREATE TABLE `voir_deces_maladie` (
`id_dec` int(11)
,`nom_pers` varchar(50)
,`postnom_pers` varchar(50)
,`sexe_pers` varchar(50)
,`age_dec` int(11)
,`date_dec` date
,`lieu_dec` varchar(50)
,`id_pers_dec` int(11)
,`id_cause_dec` int(11)
,`id_cause` int(11)
,`designation_cause` text
,`detail_cause` text
);

-- --------------------------------------------------------

--
-- Stand-in structure for view `voir_maladies`
-- (See below for the actual view)
--
CREATE TABLE `voir_maladies` (
`id_cause` int(11)
,`nbre_dec` bigint(21)
,`designation_cause` text
,`detail_cause` text
);

-- --------------------------------------------------------

--
-- Stand-in structure for view `voir_naissances`
-- (See below for the actual view)
--
CREATE TABLE `voir_naissances` (
`id_naiss` int(11)
,`nom_pers` varchar(50)
,`postnom_pers` varchar(50)
,`mere_pers` varchar(50)
,`pere_pers` varchar(50)
,`sexe_pers` varchar(50)
,`date_naiss` date
,`lieu_naiss` varchar(50)
,`age_mere_naiss` int(11)
,`id_pers_naiss` int(11)
,`id_hop_naiss` int(11)
,`id_hop` int(11)
,`nom_hop` varchar(50)
,`adresse_hop` text
);

-- --------------------------------------------------------

--
-- Structure for view `cbxpersdeces`
--
DROP TABLE IF EXISTS `cbxpersdeces`;

CREATE ALGORITHM=UNDEFINED DEFINER=`root`@`localhost` SQL SECURITY DEFINER VIEW `cbxpersdeces`  AS  select `tpersonne`.`id_pers` AS `id_pers`,`tpersonne`.`nom_pers` AS `nom_pers`,`tpersonne`.`postnom_pers` AS `postnom_pers`,`tpersonne`.`prenom_pers` AS `prenom_pers`,`tpersonne`.`sexe_pers` AS `sexe_pers`,`tpersonne`.`pere_pers` AS `pere_pers`,`tpersonne`.`mere_pers` AS `mere_pers`,`tpersonne`.`adresse_pers` AS `adresse_pers` from `tpersonne` where (not(`tpersonne`.`id_pers` in (select `tdeces`.`id_pers_dec` from `tdeces`))) ;

-- --------------------------------------------------------

--
-- Structure for view `cbxpersnaiss`
--
DROP TABLE IF EXISTS `cbxpersnaiss`;

CREATE ALGORITHM=UNDEFINED DEFINER=`root`@`localhost` SQL SECURITY DEFINER VIEW `cbxpersnaiss`  AS  select `tpersonne`.`id_pers` AS `id_pers`,`tpersonne`.`nom_pers` AS `nom_pers`,`tpersonne`.`postnom_pers` AS `postnom_pers`,`tpersonne`.`prenom_pers` AS `prenom_pers`,`tpersonne`.`sexe_pers` AS `sexe_pers`,`tpersonne`.`pere_pers` AS `pere_pers`,`tpersonne`.`mere_pers` AS `mere_pers`,`tpersonne`.`adresse_pers` AS `adresse_pers` from `tpersonne` where ((not(`tpersonne`.`id_pers` in (select `tnaissance`.`id_pers_naiss` from `tnaissance`))) and (not(`tpersonne`.`id_pers` in (select `tdeces`.`id_pers_dec` from `tdeces`)))) ;

-- --------------------------------------------------------

--
-- Structure for view `deces_mineur`
--
DROP TABLE IF EXISTS `deces_mineur`;

CREATE ALGORITHM=UNDEFINED DEFINER=`root`@`localhost` SQL SECURITY DEFINER VIEW `deces_mineur`  AS  select count(`tdeces`.`age_dec`) AS `nbre_deces`,`tdeces`.`date_dec` AS `date_dec` from `tdeces` where (`tdeces`.`age_dec` < 18) group by `tdeces`.`date_dec` ;

-- --------------------------------------------------------

--
-- Structure for view `voir_commentaires`
--
DROP TABLE IF EXISTS `voir_commentaires`;

CREATE ALGORITHM=UNDEFINED DEFINER=`root`@`localhost` SQL SECURITY DEFINER VIEW `voir_commentaires`  AS  select `tcommentaire`.`id_com` AS `id_com`,`tcommentaire`.`id_cons_com` AS `id_cons_com`,`tcommentaire`.`id_user_com` AS `id_user_com`,`tcommentaire`.`text_com` AS `text_com`,`tcommentaire`.`date_com` AS `date_com`,`tbl_user`.`username` AS `username`,`tbl_user`.`photouser` AS `photouser` from (`tcommentaire` join `tbl_user` on((`tcommentaire`.`id_user_com` = `tbl_user`.`id`))) ;

-- --------------------------------------------------------

--
-- Structure for view `voir_conseils`
--
DROP TABLE IF EXISTS `voir_conseils`;

CREATE ALGORITHM=UNDEFINED DEFINER=`root`@`localhost` SQL SECURITY DEFINER VIEW `voir_conseils`  AS  select `tbl_user`.`username` AS `username`,`tcause`.`designation_cause` AS `designation_cause`,`tconseil`.`id_cons` AS `id_cons`,`tconseil`.`apropos_cons` AS `apropos_cons`,`tconseil`.`prevention_cons` AS `prevention_cons`,`tconseil`.`traitement_cons` AS `traitement_cons`,`tconseil`.`date_cons` AS `date_cons`,`tconseil`.`photo_cons` AS `photo_cons`,count(`tcommentaire`.`id_com`) AS `nbre_com` from (((`tconseil` join `tcause` on((`tcause`.`id_cause` = `tconseil`.`id_maladie_cons`))) join `tbl_user` on((`tbl_user`.`id` = `tconseil`.`id_user_cons`))) left join `tcommentaire` on((`tcommentaire`.`id_cons_com` = `tconseil`.`id_cons`))) group by `tconseil`.`id_cons` ;

-- --------------------------------------------------------

--
-- Structure for view `voir_deces`
--
DROP TABLE IF EXISTS `voir_deces`;

CREATE ALGORITHM=UNDEFINED DEFINER=`root`@`localhost` SQL SECURITY DEFINER VIEW `voir_deces`  AS  select `tdeces`.`id_dec` AS `id_dec`,`tpersonne`.`nom_pers` AS `nom_pers`,`tpersonne`.`postnom_pers` AS `postnom_pers`,`tpersonne`.`sexe_pers` AS `sexe_pers`,`tdeces`.`age_dec` AS `age_dec`,`tdeces`.`date_dec` AS `date_dec`,`tdeces`.`lieu_dec` AS `lieu_dec`,`tdeces`.`id_pers_dec` AS `id_pers_dec`,`tdeces`.`id_cause_dec` AS `id_cause_dec`,`tcause`.`id_cause` AS `id_cause`,`tcause`.`designation_cause` AS `designation_cause`,`tcause`.`detail_cause` AS `detail_cause` from ((`tdeces` join `tpersonne` on((`tdeces`.`id_pers_dec` = `tpersonne`.`id_pers`))) left join `tcause` on((`tdeces`.`id_cause_dec` = `tcause`.`id_cause`))) ;

-- --------------------------------------------------------

--
-- Structure for view `voir_deces_maladie`
--
DROP TABLE IF EXISTS `voir_deces_maladie`;

CREATE ALGORITHM=UNDEFINED DEFINER=`root`@`localhost` SQL SECURITY DEFINER VIEW `voir_deces_maladie`  AS  select `tdeces`.`id_dec` AS `id_dec`,`tpersonne`.`nom_pers` AS `nom_pers`,`tpersonne`.`postnom_pers` AS `postnom_pers`,`tpersonne`.`sexe_pers` AS `sexe_pers`,`tdeces`.`age_dec` AS `age_dec`,`tdeces`.`date_dec` AS `date_dec`,`tdeces`.`lieu_dec` AS `lieu_dec`,`tdeces`.`id_pers_dec` AS `id_pers_dec`,`tdeces`.`id_cause_dec` AS `id_cause_dec`,`tcause`.`id_cause` AS `id_cause`,`tcause`.`designation_cause` AS `designation_cause`,`tcause`.`detail_cause` AS `detail_cause` from (`tcause` left join (`tdeces` join `tpersonne` on((`tdeces`.`id_pers_dec` = `tpersonne`.`id_pers`))) on((`tdeces`.`id_cause_dec` = `tcause`.`id_cause`))) ;

-- --------------------------------------------------------

--
-- Structure for view `voir_maladies`
--
DROP TABLE IF EXISTS `voir_maladies`;

CREATE ALGORITHM=UNDEFINED DEFINER=`root`@`localhost` SQL SECURITY DEFINER VIEW `voir_maladies`  AS  select `voir_deces_maladie`.`id_cause` AS `id_cause`,count(`voir_deces_maladie`.`id_dec`) AS `nbre_dec`,`voir_deces_maladie`.`designation_cause` AS `designation_cause`,`voir_deces_maladie`.`detail_cause` AS `detail_cause` from `voir_deces_maladie` group by `voir_deces_maladie`.`id_cause` ;

-- --------------------------------------------------------

--
-- Structure for view `voir_naissances`
--
DROP TABLE IF EXISTS `voir_naissances`;

CREATE ALGORITHM=UNDEFINED DEFINER=`root`@`localhost` SQL SECURITY DEFINER VIEW `voir_naissances`  AS  select `tnaissance`.`id_naiss` AS `id_naiss`,`tpersonne`.`nom_pers` AS `nom_pers`,`tpersonne`.`postnom_pers` AS `postnom_pers`,`tpersonne`.`mere_pers` AS `mere_pers`,`tpersonne`.`pere_pers` AS `pere_pers`,`tpersonne`.`sexe_pers` AS `sexe_pers`,`tnaissance`.`date_naiss` AS `date_naiss`,`tnaissance`.`lieu_naiss` AS `lieu_naiss`,`tnaissance`.`age_mere_naiss` AS `age_mere_naiss`,`tnaissance`.`id_pers_naiss` AS `id_pers_naiss`,`tnaissance`.`id_hop_naiss` AS `id_hop_naiss`,`thopital`.`id_hop` AS `id_hop`,`thopital`.`nom_hop` AS `nom_hop`,`thopital`.`adresse_hop` AS `adresse_hop` from ((`tnaissance` join `tpersonne` on((`tnaissance`.`id_pers_naiss` = `tpersonne`.`id_pers`))) left join `thopital` on((`thopital`.`id_hop` = `tnaissance`.`id_hop_naiss`))) ;

--
-- Indexes for dumped tables
--

--
-- Indexes for table `tbl_user`
--
ALTER TABLE `tbl_user`
  ADD PRIMARY KEY (`id`),
  ADD UNIQUE KEY `username` (`username`);

--
-- Indexes for table `tcause`
--
ALTER TABLE `tcause`
  ADD PRIMARY KEY (`id_cause`);

--
-- Indexes for table `tcommentaire`
--
ALTER TABLE `tcommentaire`
  ADD PRIMARY KEY (`id_com`);

--
-- Indexes for table `tconseil`
--
ALTER TABLE `tconseil`
  ADD PRIMARY KEY (`id_cons`);

--
-- Indexes for table `tdeces`
--
ALTER TABLE `tdeces`
  ADD PRIMARY KEY (`id_dec`),
  ADD KEY `id_pers_dec` (`id_pers_dec`),
  ADD KEY `id_cause_dec` (`id_cause_dec`);

--
-- Indexes for table `thopital`
--
ALTER TABLE `thopital`
  ADD PRIMARY KEY (`id_hop`);

--
-- Indexes for table `tnaissance`
--
ALTER TABLE `tnaissance`
  ADD PRIMARY KEY (`id_naiss`),
  ADD KEY `id_pers_naiss` (`id_pers_naiss`),
  ADD KEY `id_hop_naiss` (`id_hop_naiss`);

--
-- Indexes for table `tpersonne`
--
ALTER TABLE `tpersonne`
  ADD PRIMARY KEY (`id_pers`);

--
-- AUTO_INCREMENT for dumped tables
--

--
-- AUTO_INCREMENT for table `tbl_user`
--
ALTER TABLE `tbl_user`
  MODIFY `id` int(11) NOT NULL AUTO_INCREMENT, AUTO_INCREMENT=10;
--
-- AUTO_INCREMENT for table `tcause`
--
ALTER TABLE `tcause`
  MODIFY `id_cause` int(11) NOT NULL AUTO_INCREMENT, AUTO_INCREMENT=8;
--
-- AUTO_INCREMENT for table `tcommentaire`
--
ALTER TABLE `tcommentaire`
  MODIFY `id_com` int(11) NOT NULL AUTO_INCREMENT, AUTO_INCREMENT=10;
--
-- AUTO_INCREMENT for table `tconseil`
--
ALTER TABLE `tconseil`
  MODIFY `id_cons` int(11) NOT NULL AUTO_INCREMENT, AUTO_INCREMENT=5;
--
-- AUTO_INCREMENT for table `tdeces`
--
ALTER TABLE `tdeces`
  MODIFY `id_dec` int(11) NOT NULL AUTO_INCREMENT, AUTO_INCREMENT=9;
--
-- AUTO_INCREMENT for table `thopital`
--
ALTER TABLE `thopital`
  MODIFY `id_hop` int(11) NOT NULL AUTO_INCREMENT, AUTO_INCREMENT=3;
--
-- AUTO_INCREMENT for table `tnaissance`
--
ALTER TABLE `tnaissance`
  MODIFY `id_naiss` int(11) NOT NULL AUTO_INCREMENT, AUTO_INCREMENT=4;
--
-- AUTO_INCREMENT for table `tpersonne`
--
ALTER TABLE `tpersonne`
  MODIFY `id_pers` int(11) NOT NULL AUTO_INCREMENT, AUTO_INCREMENT=14;
--
-- Constraints for dumped tables
--

--
-- Constraints for table `tdeces`
--
ALTER TABLE `tdeces`
  ADD CONSTRAINT `tdeces_ibfk_1` FOREIGN KEY (`id_cause_dec`) REFERENCES `tcause` (`id_cause`),
  ADD CONSTRAINT `tdeces_ibfk_2` FOREIGN KEY (`id_pers_dec`) REFERENCES `tpersonne` (`id_pers`);

--
-- Constraints for table `tnaissance`
--
ALTER TABLE `tnaissance`
  ADD CONSTRAINT `tnaissance_ibfk_1` FOREIGN KEY (`id_pers_naiss`) REFERENCES `tpersonne` (`id_pers`),
  ADD CONSTRAINT `tnaissance_ibfk_2` FOREIGN KEY (`id_hop_naiss`) REFERENCES `thopital` (`id_hop`);

/*!40101 SET CHARACTER_SET_CLIENT=@OLD_CHARACTER_SET_CLIENT */;
/*!40101 SET CHARACTER_SET_RESULTS=@OLD_CHARACTER_SET_RESULTS */;
/*!40101 SET COLLATION_CONNECTION=@OLD_COLLATION_CONNECTION */;
